101.44.220.0,101.44.223.255
101.44.252.0,101.44.252.255
101.44.32.0,101.44.47.255
102.129.167.0,102.129.167.255
102.216.81.0,102.216.81.255
103.130.145.0,103.130.145.255
103.130.147.0,103.130.147.255
103.215.218.0,103.215.218.255
103.76.128.0,103.76.128.255
104.132.168.0,104.132.168.255
104.166.156.0,104.166.157.255
104.166.174.0,104.166.174.255
104.166.176.0,104.166.179.255
104.166.190.0,104.166.190.255
104.234.121.0,104.234.121.255
104.237.228.0,104.237.228.255
104.247.160.0,104.247.191.255
104.250.163.0,104.250.163.255
104.66.64.0,104.66.95.255
107.150.165.0,107.150.165.255
107.150.177.0,107.150.177.255
107.150.94.0,107.150.94.255
109.107.134.0,109.107.134.255
109.111.245.0,109.111.245.255
109.122.196.0,109.122.196.255
109.122.207.0,109.122.207.255
109.122.40.0,109.122.45.255
109.172.116.0,109.172.117.255
109.172.16.0,109.172.17.255
109.198.32.0,109.198.63.255
109.228.192.0,109.228.255.255
109.230.196.0,109.230.196.255
109.232.216.0,109.232.223.255
109.235.248.0,109.235.255.255
109.236.48.0,109.236.51.255
109.71.248.0,109.71.251.255
109.72.123.0,109.72.123.255
115.167.54.0,115.167.54.255
128.127.168.0,128.127.175.255
128.14.90.0,128.14.91.255
128.90.169.0,128.90.169.255
128.90.183.0,128.90.183.255
130.255.173.0,130.255.173.255
134.146.222.0,134.146.222.255
134.19.200.0,134.19.207.255
134.238.91.0,134.238.91.255
134.255.199.0,134.255.199.255
136.228.222.0,136.228.222.255
137.174.84.0,137.174.87.255
138.43.97.0,138.43.97.255
139.179.0.0,139.179.255.255
139.28.104.0,139.28.107.255
139.28.16.0,139.28.19.255
139.28.32.0,139.28.35.255
139.92.84.0,139.92.84.255
140.99.187.0,140.99.187.255
140.99.205.0,140.99.205.255
141.11.109.0,141.11.109.255
141.11.124.0,141.11.125.255
141.11.127.0,141.11.127.255
141.11.221.0,141.11.221.255
141.11.245.0,141.11.245.255
141.11.40.0,141.11.40.255
141.11.43.0,141.11.43.255
141.11.68.0,141.11.69.255
141.11.96.0,141.11.96.255
141.196.0.0,141.196.255.255
141.98.112.0,141.98.119.255
141.98.204.0,141.98.207.255
144.122.0.0,144.122.255.255
144.208.206.0,144.208.206.255
145.14.90.0,145.14.91.255
146.19.12.0,146.19.12.255
146.19.125.0,146.19.125.255
146.19.141.0,146.19.141.255
146.19.176.0,146.19.176.255
146.19.204.0,146.19.204.255
146.19.208.0,146.19.208.255
146.19.21.0,146.19.21.255
146.19.53.0,146.19.53.255
146.19.57.0,146.19.57.255
146.19.74.0,146.19.74.255
146.19.89.0,146.19.89.255
146.19.93.0,146.19.93.255
146.247.109.0,146.247.109.255
146.247.125.0,146.247.125.255
147.124.195.0,147.124.195.255
147.124.203.0,147.124.203.255
147.78.47.0,147.78.47.255
149.0.0.0,149.0.255.255
149.102.229.0,149.102.229.255
149.14.44.0,149.14.45.255
149.140.0.0,149.140.255.255
149.234.127.0,149.234.127.255
149.3.171.0,149.3.171.255
149.34.192.0,149.34.223.255
150.107.224.0,150.107.226.255
151.135.0.0,151.135.255.255
151.250.0.0,151.250.255.255
152.158.84.0,152.158.84.255
152.89.193.0,152.89.193.255
152.89.36.0,152.89.39.255
154.16.186.0,154.16.186.255
154.16.41.0,154.16.41.255
154.202.11.0,154.202.11.255
154.202.8.0,154.202.8.255
154.205.189.0,154.205.189.255
154.52.102.0,154.52.103.255
154.52.112.0,154.52.113.255
154.52.97.0,154.52.97.255
154.52.99.0,154.52.100.255
155.223.0.0,155.223.255.255
156.146.52.0,156.146.52.255
156.236.16.0,156.236.16.255
157.167.128.0,157.167.128.255
157.240.238.0,157.240.238.255
159.100.60.0,159.100.63.255
159.146.0.0,159.146.127.255
159.148.58.0,159.148.58.255
159.20.112.0,159.20.119.255
159.20.64.0,159.20.95.255
159.253.32.0,159.253.47.255
159.253.80.0,159.253.87.255
160.20.108.0,160.20.111.255
160.75.0.0,160.75.255.255
160.83.176.0,160.83.177.255
160.83.34.0,160.83.35.255
161.123.136.0,161.123.143.255
161.9.0.0,161.9.255.255
162.158.250.0,162.158.251.255
163.171.216.0,163.171.216.255
163.5.152.0,163.5.152.255
163.5.169.0,163.5.169.255
163.5.249.0,163.5.249.255
164.40.185.0,164.40.185.255
164.63.208.0,164.63.208.255
166.0.156.0,166.0.157.255
166.0.161.0,166.0.161.255
166.0.164.0,166.0.164.255
166.0.194.0,166.0.194.255
166.0.202.0,166.0.202.255
166.108.171.0,166.108.171.255
166.108.189.0,166.108.189.255
167.160.10.0,167.160.10.255
167.167.182.0,167.167.182.255
168.139.0.0,168.139.255.255
169.150.215.0,169.150.215.255
17.127.216.0,17.127.219.255
17.127.232.0,17.127.235.255
17.67.198.0,17.67.199.255
17.69.240.0,17.69.247.255
17.73.40.0,17.73.47.255
17.75.224.0,17.75.231.255
17.75.248.0,17.75.255.255
17.77.138.0,17.77.141.255
17.77.148.0,17.77.149.255
170.237.95.0,170.237.95.255
170.84.252.0,170.84.253.255
171.22.184.0,171.22.187.255
171.22.56.0,171.22.59.255
172.111.172.0,172.111.172.255
172.224.105.0,172.224.106.255
172.224.248.0,172.224.248.255
172.225.119.0,172.225.119.255
172.225.38.0,172.225.38.255
172.69.116.0,172.69.119.255
172.69.182.0,172.69.182.255
172.69.199.0,172.69.199.255
172.69.232.0,172.69.233.255
172.69.250.0,172.69.251.255
172.70.51.0,172.70.51.255
172.94.49.0,172.94.49.255
176.116.16.0,176.116.16.255
176.117.96.0,176.117.103.255
176.216.0.0,176.220.255.255
176.223.162.0,176.223.162.255
176.223.180.0,176.223.180.255
176.227.0.0,176.227.127.255
176.232.0.0,176.240.255.255
176.30.0.0,176.30.255.255
176.33.0.0,176.33.255.255
176.40.0.0,176.43.255.255
176.52.176.0,176.52.179.255
176.53.0.0,176.53.127.255
176.53.145.0,176.53.145.255
176.54.0.0,176.55.255.255
176.56.33.0,176.56.33.255
176.88.0.0,176.91.255.255
176.97.213.0,176.97.213.255
176.98.40.0,176.98.43.255
178.130.63.0,178.130.63.255
178.132.48.0,178.132.55.255
178.157.8.0,178.157.15.255
178.159.35.0,178.159.35.255
178.170.156.0,178.170.159.255
178.170.182.0,178.170.185.255
178.171.110.0,178.171.111.255
178.18.192.0,178.18.207.255
178.20.224.0,178.20.231.255
178.210.160.0,178.210.191.255
178.211.130.0,178.211.130.255
178.211.132.0,178.211.132.255
178.211.142.0,178.211.142.255
178.211.156.0,178.211.156.255
178.211.32.0,178.211.63.255
178.215.226.0,178.215.226.255
178.217.236.0,178.217.239.255
178.22.12.0,178.22.12.255
178.22.26.0,178.22.26.255
178.23.188.0,178.23.188.255
178.233.0.0,178.233.255.255
178.237.48.0,178.237.51.255
178.240.0.0,178.247.255.255
178.250.88.0,178.250.95.255
178.251.40.0,178.251.47.255
178.255.218.0,178.255.218.255
178.79.214.0,178.79.215.255
180.235.160.0,180.235.191.255
181.214.154.0,181.214.154.255
182.160.36.0,182.160.39.255
185.1.132.0,185.1.132.255
185.1.158.0,185.1.158.255
185.1.202.0,185.1.202.255
185.1.221.0,185.1.221.255
185.1.244.0,185.1.244.255
185.1.48.0,185.1.48.255
185.1.95.0,185.1.95.255
185.102.37.0,185.102.39.255
185.103.196.0,185.103.199.255
185.103.4.0,185.103.5.255
185.104.20.0,185.104.23.255
185.106.20.0,185.106.23.255
185.106.208.0,185.106.211.255
185.107.132.0,185.107.135.255
185.108.124.0,185.108.124.255
185.109.28.0,185.109.31.255
185.11.12.0,185.11.15.255
185.11.212.0,185.11.215.255
185.11.248.0,185.11.251.255
185.110.240.0,185.110.243.255
185.111.232.0,185.111.235.255
185.111.244.0,185.111.247.255
185.112.74.0,185.112.74.255
185.113.220.0,185.113.223.255
185.114.192.0,185.114.195.255
185.114.20.0,185.114.23.255
185.114.216.0,185.114.219.255
185.115.208.0,185.115.211.255
185.115.242.0,185.115.243.255
185.115.40.0,185.115.43.255
185.116.116.0,185.116.116.255
185.116.152.0,185.116.155.255
185.117.120.0,185.117.123.255
185.117.99.0,185.117.99.255
185.118.140.0,185.118.143.255
185.118.176.0,185.118.179.255
185.118.192.0,185.118.195.255
185.119.80.0,185.119.83.255
185.12.108.0,185.12.111.255
185.120.5.0,185.120.6.255
185.121.124.0,185.121.127.255
185.122.12.0,185.122.15.255
185.122.200.0,185.122.203.255
185.122.39.0,185.122.39.255
185.123.0.0,185.123.3.255
185.123.100.0,185.123.107.255
185.123.54.0,185.123.54.255
185.124.84.0,185.124.87.255
185.125.32.0,185.125.35.255
185.126.176.0,185.126.179.255
185.126.216.0,185.126.219.255
185.128.112.0,185.128.115.255
185.13.56.0,185.13.59.255
185.130.192.0,185.130.192.255
185.130.56.0,185.130.59.255
185.130.90.0,185.130.90.255
185.131.208.0,185.131.211.255
185.131.48.0,185.131.51.255
185.132.120.0,185.132.124.255
185.132.126.0,185.132.126.255
185.134.184.0,185.134.187.255
185.135.108.0,185.135.111.255
185.135.220.0,185.135.223.255
185.135.40.0,185.135.43.255
185.135.96.0,185.135.99.255
185.136.205.0,185.136.206.255
185.136.56.0,185.136.59.255
185.136.84.0,185.136.87.255
185.137.14.0,185.137.14.255
185.137.180.0,185.137.180.255
185.137.212.0,185.137.215.255
185.137.88.0,185.137.91.255
185.138.84.0,185.138.87.255
185.139.196.0,185.139.199.255
185.14.172.0,185.14.175.255
185.14.20.0,185.14.23.255
185.140.124.0,185.140.127.255
185.141.108.0,185.141.111.255
185.141.216.0,185.141.219.255
185.141.32.0,185.141.35.255
185.144.248.0,185.144.251.255
185.144.76.0,185.144.79.255
185.146.88.0,185.146.91.255
185.148.240.0,185.148.243.255
185.148.84.0,185.148.87.255
185.149.100.0,185.149.103.255
185.149.249.0,185.149.249.255
185.15.196.0,185.15.199.255
185.15.40.0,185.15.43.255
185.150.129.0,185.150.131.255
185.150.2.0,185.150.2.255
185.152.124.0,185.152.127.255
185.152.20.0,185.152.23.255
185.152.88.0,185.152.91.255
185.153.220.0,185.153.223.255
185.153.228.0,185.153.231.255
185.153.248.0,185.153.251.255
185.154.128.0,185.154.131.255
185.155.148.0,185.155.151.255
185.156.4.0,185.156.7.255
185.157.204.0,185.157.207.255
185.157.40.0,185.157.43.255
185.157.50.0,185.157.50.255
185.158.151.0,185.158.151.255
185.159.116.0,185.159.119.255
185.16.236.0,185.16.239.255
185.160.114.0,185.160.114.255
185.160.196.0,185.160.199.255
185.160.28.0,185.160.31.255
185.161.122.0,185.161.122.255
185.161.162.0,185.161.163.255
185.162.144.0,185.162.147.255
185.163.128.0,185.163.128.255
185.163.130.0,185.163.131.255
185.163.32.0,185.163.35.255
185.165.20.0,185.165.23.255
185.165.46.0,185.165.46.255
185.165.76.0,185.165.76.255
185.168.152.0,185.168.155.255
185.169.180.0,185.169.183.255
185.169.52.0,185.169.55.255
185.169.64.0,185.169.67.255
185.169.77.0,185.169.77.255
185.17.112.0,185.17.115.255
185.17.136.0,185.17.139.255
185.170.156.0,185.170.159.255
185.170.172.0,185.170.175.255
185.171.1.0,185.171.2.255
185.171.24.0,185.171.27.255
185.171.88.0,185.171.91.255
185.173.145.0,185.173.145.255
185.173.188.0,185.173.191.255
185.174.20.0,185.174.23.255
185.174.28.0,185.174.31.255
185.174.61.0,185.174.61.255
185.174.68.0,185.174.71.255
185.176.93.0,185.176.93.255
185.178.240.0,185.178.243.255
185.179.100.0,185.179.100.255
185.179.24.0,185.179.27.255
185.18.123.0,185.18.123.255
185.180.28.0,185.180.31.255
185.181.208.0,185.181.211.255
185.182.105.0,185.182.105.255
185.182.156.0,185.182.156.255
185.182.188.0,185.182.191.255
185.182.236.0,185.182.239.255
185.183.164.0,185.183.171.255
185.184.208.0,185.184.211.255
185.184.24.0,185.184.27.255
185.185.112.0,185.185.115.255
185.185.232.0,185.185.235.255
185.185.60.0,185.185.63.255
185.186.108.0,185.186.109.255
185.187.104.0,185.187.107.255
185.187.184.0,185.187.187.255
185.188.128.0,185.188.131.255
185.188.36.0,185.188.39.255
185.188.84.0,185.188.87.255
185.189.128.0,185.189.131.255
185.189.52.0,185.189.55.255
185.19.152.0,185.19.155.255
185.19.203.0,185.19.203.255
185.19.80.0,185.19.83.255
185.19.92.0,185.19.95.255
185.193.165.0,185.193.165.255
185.193.4.0,185.193.7.255
185.194.172.0,185.194.175.255
185.194.30.0,185.194.31.255
185.195.228.0,185.195.231.255
185.195.252.0,185.195.255.255
185.195.48.0,185.195.51.255
185.197.124.0,185.197.127.255
185.197.183.0,185.197.183.255
185.197.194.0,185.197.194.255
185.197.196.0,185.197.199.255
185.198.124.0,185.198.127.255
185.198.15.0,185.198.15.255
185.198.196.0,185.198.199.255
185.198.52.0,185.198.55.255
185.198.72.0,185.198.75.255
185.199.150.0,185.199.150.255
185.199.156.0,185.199.157.255
185.199.88.0,185.199.91.255
185.2.176.0,185.2.176.255
185.200.20.0,185.200.23.255
185.200.28.0,185.200.31.255
185.200.36.0,185.200.39.255
185.201.132.0,185.201.135.255
185.201.212.0,185.201.215.255
185.201.222.0,185.201.223.255
185.202.110.0,185.202.110.255
185.202.240.0,185.202.243.255
185.203.168.0,185.203.171.255
185.203.67.0,185.203.67.255
185.203.89.0,185.203.89.255
185.204.187.0,185.204.187.255
185.204.196.0,185.204.196.255
185.204.228.0,185.204.235.255
185.204.72.0,185.204.75.255
185.205.16.0,185.205.19.255
185.205.92.0,185.205.95.255
185.206.71.0,185.206.71.255
185.207.3.0,185.207.3.255
185.207.39.0,185.207.39.255
185.207.56.0,185.207.59.255
185.208.100.0,185.208.103.255
185.208.108.0,185.208.111.255
185.209.13.0,185.209.13.255
185.21.204.0,185.21.207.255
185.21.4.0,185.21.7.255
185.210.252.0,185.210.255.255
185.210.92.0,185.210.95.255
185.211.79.0,185.211.79.255
185.212.175.0,185.212.175.255
185.212.216.0,185.212.219.255
185.213.168.0,185.213.171.255
185.214.111.0,185.214.111.255
185.215.44.0,185.215.47.255
185.216.112.0,185.216.115.255
185.217.143.0,185.217.143.255
185.217.164.0,185.217.164.255
185.218.141.0,185.218.141.255
185.218.216.0,185.218.219.255
185.218.244.0,185.218.247.255
185.219.132.0,185.219.135.255
185.219.176.0,185.219.179.255
185.22.100.0,185.22.103.255
185.22.184.0,185.22.187.255
185.22.230.0,185.22.230.255
185.22.248.0,185.22.251.255
185.220.152.0,185.220.155.255
185.220.58.0,185.220.59.255
185.222.215.0,185.222.215.255
185.223.77.0,185.223.77.255
185.224.0.0,185.224.3.255
185.224.213.0,185.224.213.255
185.225.164.0,185.225.167.255
185.225.198.0,185.225.199.255
185.226.105.0,185.226.105.255
185.226.160.0,185.226.163.255
185.226.92.0,185.226.95.255
185.227.137.0,185.227.138.255
185.227.180.0,185.227.183.255
185.228.75.0,185.228.75.255
185.229.12.0,185.229.15.255
185.23.183.0,185.23.183.255
185.23.72.0,185.23.75.255
185.230.16.0,185.230.16.255
185.233.219.0,185.233.219.255
185.233.244.0,185.233.247.255
185.235.44.0,185.235.47.255
185.235.71.0,185.235.71.255
185.235.77.0,185.235.77.255
185.237.188.0,185.237.191.255
185.237.228.0,185.237.231.255
185.237.68.0,185.237.71.255
185.237.80.0,185.237.82.255
185.238.230.0,185.238.230.255
185.238.28.0,185.238.29.255
185.238.40.0,185.238.43.255
185.24.124.0,185.24.127.255
185.241.10.0,185.241.10.255
185.241.100.0,185.241.103.255
185.241.136.0,185.241.139.255
185.241.56.0,185.241.56.255
185.241.63.0,185.241.63.255
185.241.72.0,185.241.75.255
185.242.160.0,185.242.163.255
185.242.176.0,185.242.176.255
185.243.180.0,185.243.183.255
185.244.116.0,185.244.119.255
185.244.147.0,185.244.147.255
185.244.238.0,185.244.238.255
185.247.136.0,185.247.139.255
185.248.108.0,185.248.111.255
185.248.12.0,185.248.15.255
185.248.56.0,185.248.59.255
185.248.92.0,185.248.95.255
185.249.200.0,185.249.203.255
185.249.255.0,185.249.255.255
185.249.88.0,185.249.91.255
185.25.100.0,185.25.103.255
185.250.192.0,185.250.195.255
185.250.210.0,185.250.210.255
185.250.240.0,185.250.243.255
185.251.23.0,185.251.23.255
185.251.32.0,185.251.35.255
185.251.40.0,185.251.43.255
185.251.64.0,185.251.67.255
185.252.112.0,185.252.115.255
185.252.40.0,185.252.43.255
185.253.120.0,185.253.121.255
185.254.236.0,185.254.239.255
185.254.28.0,185.254.31.255
185.254.52.0,185.254.55.255
185.254.92.0,185.254.94.255
185.255.154.0,185.255.154.255
185.255.172.0,185.255.175.255
185.255.92.0,185.255.95.255
185.26.144.0,185.26.147.255
185.26.68.0,185.26.71.255
185.28.0.0,185.28.3.255
185.28.132.0,185.28.135.255
185.28.160.0,185.28.163.255
185.28.60.0,185.28.63.255
185.29.120.0,185.29.123.255
185.29.192.0,185.29.195.255
185.3.56.0,185.3.59.255
185.32.12.0,185.32.15.255
185.33.128.0,185.33.131.255
185.33.232.0,185.33.235.255
185.33.24.0,185.33.24.255
185.33.60.0,185.33.63.255
185.34.103.0,185.34.103.255
185.34.128.0,185.34.131.255
185.35.20.0,185.35.23.255
185.37.103.0,185.37.103.255
185.37.186.0,185.37.187.255
185.4.208.0,185.4.211.255
185.4.224.0,185.4.225.255
185.4.227.0,185.4.227.255
185.4.68.0,185.4.71.255
185.40.106.0,185.40.106.255
185.40.72.0,185.40.75.255
185.40.84.0,185.40.87.255
185.42.172.0,185.42.175.255
185.43.228.0,185.43.231.255
185.44.192.0,185.44.195.255
185.46.40.0,185.46.43.255
185.46.52.0,185.46.55.255
185.48.180.0,185.48.183.255
185.48.212.0,185.48.215.255
185.48.24.0,185.48.27.255
185.49.128.0,185.49.131.255
185.49.44.0,185.49.47.255
185.5.176.0,185.5.179.255
185.50.68.0,185.50.71.255
185.51.112.0,185.51.115.255
185.51.20.0,185.51.20.255
185.51.24.0,185.51.27.255
185.51.36.0,185.51.39.255
185.52.228.0,185.52.231.255
185.53.102.0,185.53.102.255
185.53.104.0,185.53.107.255
185.53.60.0,185.53.63.255
185.56.236.0,185.56.238.255
185.57.244.0,185.57.247.255
185.57.64.0,185.57.67.255
185.58.244.0,185.58.247.255
185.59.28.0,185.59.31.255
185.59.44.0,185.59.47.255
185.59.72.0,185.59.75.255
185.60.224.0,185.60.227.255
185.61.44.0,185.61.47.255
185.63.120.0,185.63.123.255
185.64.80.0,185.64.83.255
185.65.68.0,185.65.68.255
185.66.124.0,185.66.127.255
185.67.120.0,185.67.123.255
185.67.204.0,185.67.207.255
185.67.32.0,185.67.35.255
185.68.220.0,185.68.223.255
185.7.0.0,185.7.3.255
185.7.176.0,185.7.179.255
185.7.82.0,185.7.83.255
185.70.140.0,185.70.143.255
185.70.84.0,185.70.87.255
185.70.96.0,185.70.99.255
185.71.116.0,185.71.119.255
185.72.8.0,185.72.8.255
185.73.128.0,185.73.131.255
185.73.200.0,185.73.203.255
185.74.20.0,185.74.20.255
185.76.152.0,185.76.155.255
185.76.159.0,185.76.159.255
185.76.196.0,185.76.203.255
185.77.1.0,185.77.3.255
185.77.88.0,185.77.91.255
185.78.84.0,185.78.87.255
185.79.12.0,185.79.15.255
185.8.12.0,185.8.15.255
185.8.128.0,185.8.131.255
185.8.32.0,185.8.35.255
185.80.136.0,185.80.139.255
185.80.20.0,185.80.23.255
185.80.72.0,185.80.75.255
185.81.152.0,185.81.155.255
185.81.172.0,185.81.172.255
185.81.236.0,185.81.239.255
185.81.32.0,185.81.35.255
185.82.220.0,185.82.223.255
185.82.252.0,185.82.255.255
185.83.144.0,185.83.147.255
185.83.244.0,185.83.247.255
185.84.180.0,185.84.183.255
185.85.104.0,185.85.107.255
185.85.188.0,185.85.191.255
185.85.204.0,185.85.207.255
185.85.236.0,185.85.239.255
185.85.72.0,185.85.75.255
185.86.12.0,185.86.15.255
185.86.152.0,185.86.155.255
185.86.164.0,185.86.167.255
185.86.244.0,185.86.247.255
185.86.4.0,185.86.7.255
185.86.80.0,185.86.83.255
185.87.120.0,185.87.123.255
185.87.173.0,185.87.173.255
185.87.24.0,185.87.27.255
185.87.252.0,185.87.255.255
185.88.132.0,185.88.135.255
185.88.172.0,185.88.175.255
185.88.4.0,185.88.7.255
185.89.23.0,185.89.23.255
185.89.248.0,185.89.248.255
185.9.156.0,185.9.159.255
185.9.220.0,185.9.223.255
185.9.36.0,185.9.37.255
185.90.240.0,185.90.241.255
185.90.4.0,185.90.7.255
185.92.0.0,185.92.3.255
185.92.12.0,185.92.15.255
185.92.212.0,185.92.215.255
185.93.248.0,185.93.251.255
185.93.52.0,185.93.55.255
185.93.68.0,185.93.71.255
185.95.0.0,185.95.3.255
185.95.164.0,185.95.171.255
185.95.84.0,185.95.87.255
185.96.112.0,185.96.115.255
185.96.170.0,185.96.171.255
185.97.8.0,185.97.11.255
185.98.216.0,185.98.219.255
185.98.252.0,185.98.255.255
185.98.60.0,185.98.63.255
185.99.196.0,185.99.199.255
185.99.22.0,185.99.22.255
185.99.221.0,185.99.222.255
188.119.0.0,188.119.63.255
188.119.108.0,188.119.111.255
188.120.36.0,188.120.43.255
188.124.0.0,188.124.31.255
188.125.160.0,188.125.175.255
188.132.128.0,188.132.167.255
188.132.169.0,188.132.255.255
188.164.112.0,188.164.127.255
188.164.67.0,188.164.68.255
188.164.95.0,188.164.95.255
188.208.18.0,188.208.18.255
188.213.34.0,188.213.34.255
188.240.16.0,188.240.16.255
188.240.46.0,188.240.46.255
188.241.70.0,188.241.70.255
188.244.116.0,188.244.116.255
188.253.41.0,188.253.41.255
188.3.0.0,188.3.255.255
188.38.0.0,188.38.255.255
188.41.0.0,188.41.255.255
188.56.0.0,188.59.255.255
188.64.143.0,188.64.143.255
188.93.141.0,188.93.141.255
191.96.66.0,191.96.66.255
192.129.87.0,192.129.87.255
192.160.21.0,192.160.21.255
192.70.133.0,192.70.134.255
193.0.62.0,193.0.62.255
193.104.109.0,193.104.109.255
193.104.124.0,193.104.124.255
193.104.13.0,193.104.13.255
193.104.138.0,193.104.138.255
193.104.201.0,193.104.201.255
193.105.211.0,193.105.211.255
193.105.240.0,193.105.240.255
193.105.243.0,193.105.243.255
193.105.84.0,193.105.84.255
193.106.188.0,193.106.188.255
193.106.196.0,193.106.197.255
193.108.213.0,193.108.213.255
193.109.134.0,193.109.135.255
193.110.170.0,193.110.171.255
193.110.208.0,193.110.215.255
193.111.125.0,193.111.125.255
193.111.73.0,193.111.73.255
193.111.76.0,193.111.79.255
193.124.8.0,193.124.8.255
193.138.116.0,193.138.116.255
193.138.172.0,193.138.175.255
193.140.0.0,193.140.255.255
193.148.252.0,193.148.253.255
193.148.40.0,193.148.43.255
193.149.2.0,193.149.3.255
193.150.188.0,193.150.188.255
193.160.140.0,193.160.147.255
193.160.214.0,193.160.214.255
193.160.22.0,193.160.23.255
193.160.30.0,193.160.31.255
193.162.105.0,193.162.105.255
193.162.135.0,193.162.135.255
193.162.40.0,193.162.40.255
193.162.43.0,193.162.43.255
193.163.72.0,193.163.72.255
193.163.88.0,193.163.88.255
193.164.4.0,193.164.7.255
193.164.9.0,193.164.9.255
193.168.152.0,193.168.155.255
193.169.238.0,193.169.239.255
193.169.250.0,193.169.251.255
193.169.50.0,193.169.50.255
193.17.4.0,193.17.7.255
193.176.129.0,193.176.129.255
193.186.208.0,193.186.208.255
193.189.142.0,193.189.142.255
193.192.96.0,193.192.127.255
193.200.170.0,193.200.170.255
193.200.180.0,193.200.180.255
193.200.188.0,193.200.188.255
193.202.120.0,193.202.120.255
193.202.18.0,193.202.18.255
193.218.105.0,193.218.105.255
193.218.113.0,193.218.113.255
193.218.121.0,193.218.121.255
193.218.40.0,193.218.40.255
193.218.43.0,193.218.43.255
193.22.12.0,193.22.12.255
193.223.104.0,193.223.107.255
193.223.76.0,193.223.76.255
193.23.156.0,193.23.156.255
193.233.100.0,193.233.100.255
193.233.161.0,193.233.161.255
193.238.25.0,193.238.25.255
193.243.192.0,193.243.223.255
193.246.102.0,193.246.103.255
193.25.124.0,193.25.125.255
193.254.228.0,193.254.229.255
193.254.252.0,193.254.253.255
193.255.0.0,193.255.255.255
193.28.225.0,193.28.225.255
193.3.167.0,193.3.167.255
193.3.32.0,193.3.32.255
193.3.35.0,193.3.35.255
193.3.41.0,193.3.41.255
193.3.52.0,193.3.52.255
193.30.241.0,193.30.241.255
193.31.116.0,193.31.119.255
193.32.53.0,193.32.53.255
193.32.55.0,193.32.55.255
193.32.57.0,193.32.57.255
193.33.164.0,193.33.165.255
193.33.204.0,193.33.204.255
193.33.29.0,193.33.29.255
193.33.96.0,193.33.96.255
193.34.132.0,193.34.133.255
193.34.205.0,193.34.205.255
193.34.83.0,193.34.83.255
193.35.152.0,193.35.155.255
193.35.200.0,193.35.207.255
193.36.0.0,193.36.0.255
193.36.183.0,193.36.184.255
193.36.39.0,193.36.39.255
193.36.60.0,193.36.63.255
193.36.73.0,193.36.73.255
193.37.135.0,193.37.135.255
193.37.154.0,193.37.154.255
193.39.10.0,193.39.10.255
193.39.137.0,193.39.138.255
193.39.213.0,193.39.213.255
193.39.78.0,193.39.78.255
193.41.2.0,193.41.3.255
193.41.225.0,193.41.225.255
193.42.100.0,193.42.103.255
193.42.216.0,193.42.216.255
193.42.34.0,193.42.34.255
193.42.97.0,193.42.97.255
193.46.56.0,193.46.56.255
193.47.0.0,193.47.0.255
193.53.103.0,193.53.103.255
193.53.245.0,193.53.245.255
193.53.87.0,193.53.87.255
193.53.98.0,193.53.98.255
193.56.0.0,193.56.0.255
193.57.136.0,193.57.136.255
193.58.236.0,193.58.236.255
193.93.52.0,193.93.54.255
194.0.130.0,194.0.130.255
194.0.142.0,194.0.142.255
194.0.193.0,194.0.193.255
194.0.202.0,194.0.202.255
194.0.207.0,194.0.207.255
194.0.221.0,194.0.221.255
194.0.223.0,194.0.223.255
194.1.184.0,194.1.184.255
194.1.192.0,194.1.192.255
194.1.200.0,194.1.200.255
194.1.218.0,194.1.218.255
194.1.244.0,194.1.244.255
194.104.137.0,194.104.137.255
194.104.149.0,194.104.149.255
194.104.5.0,194.104.6.255
194.107.22.0,194.107.22.255
194.107.229.0,194.107.229.255
194.110.1.0,194.110.1.255
194.110.139.0,194.110.139.255
194.110.168.0,194.110.171.255
194.110.19.0,194.110.19.255
194.110.213.0,194.110.213.255
194.110.7.0,194.110.7.255
194.113.114.0,194.113.114.255
194.113.61.0,194.113.61.255
194.113.70.0,194.113.70.255
194.113.92.0,194.113.92.255
194.116.190.0,194.116.191.255
194.116.228.0,194.116.229.255
194.116.236.0,194.116.237.255
194.124.36.0,194.124.37.255
194.125.232.0,194.125.235.255
194.126.230.0,194.126.230.255
194.127.116.0,194.127.119.255
194.140.227.0,194.140.227.255
194.145.136.0,194.145.139.255
194.146.156.0,194.146.159.255
194.146.26.0,194.146.26.255
194.146.36.0,194.146.36.255
194.146.47.0,194.146.47.255
194.146.50.0,194.146.50.255
194.147.216.0,194.147.216.255
194.15.100.0,194.15.103.255
194.15.151.0,194.15.153.255
194.15.52.0,194.15.52.255
194.150.210.0,194.150.210.255
194.156.165.0,194.156.165.255
194.156.236.0,194.156.239.255
194.163.84.0,194.163.87.255
194.169.120.0,194.169.121.255
194.180.50.0,194.180.50.255
194.24.168.0,194.24.169.255
194.24.188.0,194.24.188.255
194.24.224.0,194.24.225.255
194.242.32.0,194.242.32.255
194.247.59.0,194.247.59.255
194.26.108.0,194.26.109.255
194.26.114.0,194.26.115.255
194.26.230.0,194.26.230.255
194.27.0.0,194.27.255.255
194.28.156.0,194.28.159.255
194.29.208.0,194.29.215.255
194.29.55.0,194.29.55.255
194.31.11.0,194.31.11.255
194.31.59.0,194.31.59.255
194.31.64.0,194.31.64.255
194.31.79.0,194.31.79.255
194.31.87.0,194.31.87.255
194.32.84.0,194.32.85.255
194.32.88.0,194.32.91.255
194.36.160.0,194.36.160.255
194.36.84.0,194.36.87.255
194.37.92.0,194.37.95.255
194.48.95.0,194.48.95.255
194.49.126.0,194.49.126.255
194.49.95.0,194.49.95.255
194.5.232.0,194.5.233.255
194.5.236.0,194.5.237.255
194.50.0.0,194.50.0.255
194.50.179.0,194.50.179.255
194.50.84.0,194.50.84.255
194.54.32.0,194.54.63.255
194.58.39.0,194.58.39.255
194.60.73.0,194.60.73.255
194.61.116.0,194.61.119.255
194.61.140.0,194.61.143.255
194.61.224.0,194.61.227.255
194.62.40.0,194.62.40.255
194.62.52.0,194.62.55.255
194.69.162.0,194.69.163.255
194.87.160.0,194.87.160.255
194.87.188.0,194.87.188.255
194.87.246.0,194.87.246.255
194.87.26.0,194.87.26.255
194.87.91.0,194.87.91.255
194.9.191.0,194.9.191.255
195.112.128.0,195.112.159.255
195.128.32.0,195.128.39.255
195.133.15.0,195.133.15.255
195.137.222.0,195.137.223.255
195.140.196.0,195.140.199.255
195.142.0.0,195.142.103.255
195.142.105.0,195.142.155.255
195.142.160.0,195.142.211.255
195.142.216.0,195.142.255.255
195.143.96.0,195.143.97.255
195.149.116.0,195.149.116.255
195.149.85.0,195.149.85.255
195.155.64.0,195.155.255.255
195.16.74.0,195.16.74.255
195.174.0.0,195.175.255.255
195.177.206.0,195.177.207.255
195.177.230.0,195.177.231.255
195.178.104.0,195.178.105.255
195.180.176.0,195.180.176.255
195.182.25.0,195.182.25.255
195.182.42.0,195.182.42.255
195.190.20.0,195.190.20.255
195.191.118.0,195.191.119.255
195.200.222.0,195.200.222.255
195.206.235.0,195.206.236.255
195.21.58.0,195.21.59.255
195.214.128.0,195.214.191.255
195.216.232.0,195.216.232.255
195.226.196.0,195.226.196.255
195.226.221.0,195.226.221.255
195.234.165.0,195.234.165.255
195.242.243.0,195.242.243.255
195.244.32.0,195.244.63.255
195.245.227.0,195.245.227.255
195.33.192.0,195.33.255.255
195.39.224.0,195.39.225.255
195.42.240.0,195.42.242.255
195.46.128.0,195.46.159.255
195.49.216.0,195.49.223.255
195.49.236.0,195.49.239.255
195.62.35.0,195.62.35.255
195.8.109.0,195.8.109.255
195.81.54.0,195.81.55.255
195.85.201.0,195.85.201.255
195.85.205.0,195.85.205.255
195.85.207.0,195.85.207.255
195.85.212.0,195.85.212.255
195.85.216.0,195.85.216.255
195.85.242.0,195.85.242.255
195.85.255.0,195.85.255.255
195.87.0.0,195.87.255.255
195.88.86.0,195.88.86.255
195.95.149.0,195.95.149.255
195.95.160.0,195.95.160.255
195.95.179.0,195.95.179.255
195.96.145.0,195.96.145.255
196.197.17.0,196.197.17.255
196.197.194.0,196.197.194.255
196.198.17.0,196.198.17.255
196.198.194.0,196.198.194.255
196.199.17.0,196.199.17.255
196.199.194.0,196.199.194.255
196.241.0.0,196.241.1.255
196.241.10.0,196.241.10.255
196.241.100.0,196.241.100.255
196.241.163.0,196.241.166.255
196.241.228.0,196.241.230.255
196.241.23.0,196.241.23.255
196.241.56.0,196.241.59.255
196.242.251.0,196.242.255.255
198.105.100.0,198.105.100.255
199.190.46.0,199.190.47.255
2.16.150.0,2.16.151.255
2.17.136.0,2.17.139.255
2.17.224.0,2.17.239.255
2.17.252.0,2.17.254.255
2.18.192.0,2.18.207.255
2.18.4.0,2.18.7.255
2.19.193.0,2.19.193.255
2.19.196.0,2.19.196.255
2.19.200.0,2.19.202.255
2.19.210.0,2.19.212.255
2.20.134.0,2.20.135.255
2.20.148.0,2.20.151.255
2.20.24.0,2.20.27.255
2.20.76.0,2.20.79.255
2.21.238.0,2.21.239.255
2.21.248.0,2.21.251.255
2.56.152.0,2.56.155.255
2.56.60.0,2.56.63.255
2.56.7.0,2.56.7.255
2.57.188.0,2.57.191.255
2.58.140.0,2.58.143.255
2.58.40.0,2.58.43.255
2.59.117.0,2.59.117.255
2.59.119.0,2.59.119.255
2.59.181.0,2.59.181.255
202.22.169.0,202.22.169.255
202.78.174.0,202.78.174.255
204.157.128.0,204.157.159.255
206.0.144.0,206.0.159.255
206.123.155.0,206.123.155.255
207.229.122.0,207.229.122.255
208.127.138.0,208.127.138.255
209.177.83.0,209.177.83.255
209.206.27.0,209.206.27.255
212.101.96.0,212.101.127.255
212.102.103.0,212.102.103.255
212.108.128.0,212.108.159.255
212.109.224.0,212.109.255.255
212.109.96.0,212.109.127.255
212.11.64.0,212.11.64.255
212.111.200.0,212.111.200.255
212.115.0.0,212.115.31.255
212.115.40.0,212.115.43.255
212.12.128.0,212.12.159.255
212.125.0.0,212.125.31.255
212.127.96.0,212.127.127.255
212.133.128.0,212.133.255.255
212.136.253.0,212.136.253.255
212.146.128.0,212.146.135.255
212.15.0.0,212.15.31.255
212.154.0.0,212.154.127.255
212.156.0.0,212.156.255.255
212.165.12.0,212.165.13.255
212.174.0.0,212.175.255.255
212.18.116.0,212.18.116.255
212.18.121.0,212.18.121.255
212.192.211.0,212.192.211.255
212.2.192.0,212.2.223.255
212.22.69.0,212.22.69.255
212.23.203.0,212.23.203.255
212.23.207.0,212.23.207.255
212.23.209.0,212.23.209.255
212.252.0.0,212.253.255.255
212.29.64.0,212.29.127.255
212.31.0.0,212.31.31.255
212.50.32.0,212.50.63.255
212.57.0.0,212.57.31.255
212.58.0.0,212.58.31.255
212.6.33.0,212.6.33.255
212.60.18.0,212.60.18.255
212.64.192.0,212.64.223.255
212.65.128.0,212.65.159.255
212.68.32.0,212.68.63.255
212.69.132.0,212.69.135.255
212.98.0.0,212.98.31.255
212.98.192.0,212.98.255.255
213.109.154.0,213.109.154.255
213.128.64.0,213.128.95.255
213.139.78.0,213.139.78.255
213.14.0.0,213.14.255.255
213.142.128.0,213.142.137.255
213.142.142.0,213.142.145.255
213.142.148.0,213.142.151.255
213.142.156.0,213.142.159.255
213.143.224.0,213.143.255.255
213.144.96.0,213.144.127.255
213.148.64.0,213.148.95.255
213.153.128.0,213.153.255.255
213.155.96.0,213.155.127.255
213.156.152.0,213.156.152.255
213.159.0.0,213.159.7.255
213.159.28.0,213.159.31.255
213.161.128.0,213.161.159.255
213.186.128.0,213.186.159.255
213.194.64.0,213.194.127.255
213.211.0.0,213.211.31.255
213.217.31.0,213.217.31.255
213.226.116.0,213.226.119.255
213.232.0.0,213.232.63.255
213.232.120.0,213.232.120.255
213.232.203.0,213.232.203.255
213.232.236.0,213.232.236.255
213.232.238.0,213.232.238.255
213.238.128.0,213.238.163.255
213.238.165.0,213.238.191.255
213.243.0.0,213.243.63.255
213.248.128.0,213.248.191.255
213.254.128.0,213.254.159.255
213.43.0.0,213.43.255.255
213.74.0.0,213.74.255.255
217.116.192.0,217.116.207.255
217.119.134.0,217.119.134.255
217.131.0.0,217.131.255.255
217.146.6.0,217.146.7.255
217.169.192.0,217.169.207.255
217.17.144.0,217.17.158.255
217.174.32.0,217.174.47.255
217.195.192.0,217.195.192.255
217.195.195.0,217.195.199.255
217.195.202.0,217.195.204.255
217.195.206.0,217.195.207.255
217.28.139.0,217.28.139.255
217.31.224.0,217.31.255.255
217.64.208.0,217.64.223.255
217.65.176.0,217.65.191.255
217.68.208.0,217.68.223.255
217.74.24.0,217.74.31.255
217.78.96.0,217.78.111.255
217.8.120.0,217.8.123.255
223.29.253.0,223.29.254.255
23.14.112.0,23.14.127.255
23.214.0.0,23.214.31.255
23.221.160.0,23.221.197.255
23.55.52.0,23.55.55.255
23.58.222.0,23.58.223.255
23.61.80.0,23.61.83.255
23.90.168.0,23.90.171.255
23.90.174.0,23.90.175.255
24.133.0.0,24.133.255.255
31.129.21.0,31.129.21.255
31.129.30.0,31.129.30.255
31.14.218.0,31.14.218.255
31.14.232.0,31.14.232.255
31.14.253.0,31.14.253.255
31.14.52.0,31.14.52.255
31.14.64.0,31.14.64.255
31.140.0.0,31.143.255.255
31.145.0.0,31.145.255.255
31.155.0.0,31.155.255.255
31.169.64.0,31.169.95.255
31.176.0.0,31.176.127.255
31.177.128.0,31.177.255.255
31.186.0.0,31.186.31.255
31.192.208.0,31.192.215.255
31.200.0.0,31.200.127.255
31.206.0.0,31.206.255.255
31.207.80.0,31.207.87.255
31.210.13.0,31.210.14.255
31.210.152.0,31.210.159.255
31.210.17.0,31.210.17.255
31.210.32.0,31.210.61.255
31.210.63.0,31.210.127.255
31.214.129.0,31.214.129.255
31.214.152.0,31.214.152.255
31.223.0.0,31.223.127.255
31.24.254.0,31.24.254.255
31.24.82.0,31.24.82.255
31.25.168.0,31.25.175.255
31.3.0.0,31.3.1.255
31.3.3.0,31.3.7.255
31.40.240.0,31.40.243.255
31.44.192.0,31.44.207.255
31.6.16.0,31.6.16.255
31.6.2.0,31.6.2.255
31.6.45.0,31.6.45.255
31.7.32.0,31.7.39.255
34.103.134.0,34.103.135.255
34.103.208.0,34.103.209.255
34.103.248.0,34.103.248.255
34.99.192.0,34.99.193.255
37.1.144.0,37.1.144.255
37.1.148.0,37.1.150.255
37.122.224.0,37.122.239.255
37.123.0.0,37.123.63.255
37.123.96.0,37.123.103.255
37.130.64.0,37.130.127.255
37.131.248.0,37.131.255.255
37.140.208.0,37.140.215.255
37.140.242.0,37.140.242.255
37.148.208.0,37.148.215.255
37.152.72.0,37.152.74.255
37.152.76.0,37.152.76.255
37.154.0.0,37.155.255.255
37.156.246.0,37.156.246.255
37.18.62.0,37.18.63.255
37.18.96.0,37.18.99.255
37.19.208.0,37.19.208.255
37.200.104.0,37.200.111.255
37.200.87.0,37.200.87.255
37.202.48.0,37.202.55.255
37.205.0.0,37.205.7.255
37.218.196.0,37.218.199.255
37.230.104.0,37.230.111.255
37.235.72.0,37.235.79.255
37.246.16.0,37.246.23.255
37.246.168.0,37.246.169.255
37.246.88.0,37.246.89.255
37.246.91.0,37.246.91.255
37.247.118.0,37.247.119.255
37.247.96.0,37.247.115.255
37.34.0.0,37.34.31.255
37.58.16.0,37.58.23.255
37.72.48.0,37.72.63.255
37.75.8.0,37.75.15.255
37.77.0.0,37.77.31.255
37.9.200.0,37.9.207.255
38.10.68.0,38.10.71.255
38.41.52.0,38.41.55.255
38.49.222.0,38.49.223.255
38.54.105.0,38.54.105.255
38.54.120.0,38.54.120.255
38.54.54.0,38.54.55.255
38.56.0.0,38.56.31.255
41.11.124.0,41.11.124.255
43.132.60.0,43.132.60.255
43.132.90.0,43.132.91.255
43.152.170.0,43.152.171.255
43.152.60.0,43.152.60.255
43.159.74.0,43.159.74.255
43.175.11.0,43.175.11.255
43.225.191.0,43.225.191.255
44.31.49.0,44.31.49.255
44.31.75.0,44.31.75.255
44.9.16.0,44.9.18.255
44.9.23.0,44.9.23.255
45.10.148.0,45.10.151.255
45.10.252.0,45.10.255.255
45.10.56.0,45.10.56.255
45.10.76.0,45.10.79.255
45.11.173.0,45.11.175.255
45.11.190.0,45.11.190.255
45.11.200.0,45.11.203.255
45.11.40.0,45.11.43.255
45.11.96.0,45.11.99.255
45.115.61.0,45.115.61.255
45.116.168.0,45.116.171.255
45.12.20.0,45.12.23.255
45.12.255.0,45.12.255.255
45.12.54.0,45.12.59.255
45.12.81.0,45.12.81.255
45.12.84.0,45.12.87.255
45.123.116.0,45.123.116.255
45.128.96.0,45.128.96.255
45.128.98.0,45.128.98.255
45.129.120.0,45.129.123.255
45.129.138.0,45.129.139.255
45.129.84.0,45.129.84.255
45.129.86.0,45.129.86.255
45.130.12.0,45.130.15.255
45.130.156.0,45.130.159.255
45.130.202.0,45.130.202.255
45.131.0.0,45.131.3.255
45.131.112.0,45.131.115.255
45.131.196.0,45.131.199.255
45.132.96.0,45.132.96.255
45.133.36.0,45.133.40.255
45.135.204.0,45.135.207.255
45.136.104.0,45.136.107.255
45.136.155.0,45.136.155.255
45.136.212.0,45.136.215.255
45.136.4.0,45.136.7.255
45.137.127.0,45.137.127.255
45.139.107.0,45.139.107.255
45.139.200.0,45.139.203.255
45.139.220.0,45.139.223.255
45.14.164.0,45.14.164.255
45.14.32.0,45.14.35.255
45.14.82.0,45.14.83.255
45.140.245.0,45.140.245.255
45.141.148.0,45.141.151.255
45.141.224.0,45.141.227.255
45.143.188.0,45.143.191.255
45.143.96.0,45.143.99.255
45.144.153.0,45.144.153.255
45.144.214.0,45.144.214.255
45.145.20.0,45.145.23.255
45.146.161.0,45.146.161.255
45.147.44.0,45.147.47.255
45.148.142.0,45.148.143.255
45.151.2.0,45.151.2.255
45.151.248.0,45.151.251.255
45.151.80.0,45.151.83.255
45.152.86.0,45.152.86.255
45.155.124.0,45.155.127.255
45.155.158.0,45.155.159.255
45.155.66.0,45.155.67.255
45.155.72.0,45.155.75.255
45.156.12.0,45.156.15.255
45.156.28.0,45.156.31.255
45.156.72.0,45.156.75.255
45.158.12.0,45.158.15.255
45.158.127.0,45.158.127.255
45.158.136.0,45.158.139.255
45.158.59.0,45.158.60.255
45.159.28.0,45.159.31.255
45.194.27.0,45.194.27.255
45.195.224.0,45.195.227.255
45.195.25.0,45.195.25.255
45.195.77.0,45.195.77.255
45.40.96.0,45.40.99.255
45.59.70.0,45.59.70.255
45.67.152.0,45.67.155.255
45.67.232.0,45.67.235.255
45.8.191.0,45.8.191.255
45.8.21.0,45.8.21.255
45.8.94.0,45.8.94.255
45.80.175.0,45.80.175.255
45.80.29.0,45.80.29.255
45.80.31.0,45.80.31.255
45.80.50.0,45.80.51.255
45.81.100.0,45.81.103.255
45.81.140.0,45.81.143.255
45.81.241.0,45.81.241.255
45.81.58.0,45.81.58.255
45.82.13.0,45.82.13.255
45.82.92.0,45.82.95.255
45.83.32.0,45.83.35.255
45.84.16.0,45.84.19.255
45.84.188.0,45.84.191.255
45.84.220.0,45.84.223.255
45.84.89.0,45.84.89.255
45.87.172.0,45.87.174.255
45.88.136.0,45.88.136.255
45.88.138.0,45.88.138.255
45.88.32.0,45.88.35.255
45.88.64.0,45.88.64.255
45.89.246.0,45.89.247.255
45.89.52.0,45.89.52.255
45.90.148.0,45.90.151.255
45.91.151.0,45.91.151.255
45.91.66.0,45.91.66.255
45.93.168.0,45.93.171.255
45.93.244.0,45.93.247.255
45.94.148.0,45.94.151.255
45.94.171.0,45.94.171.255
45.94.4.0,45.94.7.255
45.94.57.0,45.94.57.255
45.94.80.0,45.94.83.255
45.95.214.0,45.95.215.255
45.95.232.0,45.95.232.255
46.1.0.0,46.2.255.255
46.104.0.0,46.104.255.255
46.106.0.0,46.106.255.255
46.154.0.0,46.155.255.255
46.17.128.0,46.17.135.255
46.18.105.0,46.18.105.255
46.182.168.0,46.182.171.255
46.182.64.0,46.182.71.255
46.196.0.0,46.197.255.255
46.20.0.0,46.20.15.255
46.20.107.0,46.20.107.255
46.20.144.0,46.20.159.255
46.221.0.0,46.221.255.255
46.226.121.0,46.226.121.255
46.234.0.0,46.234.31.255
46.235.8.0,46.235.15.255
46.245.160.0,46.245.167.255
46.252.96.0,46.252.111.255
46.254.48.0,46.254.55.255
46.28.232.0,46.28.239.255
46.30.176.0,46.30.183.255
46.31.112.0,46.31.119.255
46.31.144.0,46.31.151.255
46.31.76.0,46.31.79.255
46.34.64.0,46.34.64.255
46.34.90.0,46.34.91.255
46.37.109.0,46.37.109.255
46.37.114.0,46.37.114.255
46.37.99.0,46.37.99.255
46.45.128.0,46.45.191.255
46.8.194.0,46.8.194.255
5.1.107.0,5.1.107.255
5.10.140.0,5.10.140.255
5.10.250.0,5.10.250.255
5.102.96.0,5.102.127.255
5.104.0.0,5.104.15.255
5.104.72.0,5.104.74.255
5.105.19.0,5.105.19.255
5.105.226.0,5.105.226.255
5.105.24.0,5.105.24.255
5.105.30.0,5.105.30.255
5.105.5.0,5.105.5.255
5.11.128.0,5.11.255.255
5.159.248.0,5.159.255.255
5.176.0.0,5.177.255.255
5.180.104.0,5.180.107.255
5.180.184.0,5.180.187.255
5.180.49.0,5.180.49.255
5.181.140.0,5.181.143.255
5.181.16.0,5.181.19.255
5.181.168.0,5.181.168.255
5.181.186.0,5.181.186.255
5.181.212.0,5.181.215.255
5.182.244.0,5.182.247.255
5.182.76.0,5.182.79.255
5.183.112.0,5.183.115.255
5.188.168.0,5.188.169.255
5.188.190.0,5.188.190.255
5.188.36.0,5.188.36.255
5.2.80.0,5.2.87.255
5.226.192.0,5.226.255.255
5.229.0.0,5.229.255.255
5.23.0.0,5.23.0.255
5.23.120.0,5.23.127.255
5.23.8.0,5.23.8.255
5.24.0.0,5.27.255.255
5.250.240.0,5.250.255.255
5.252.204.0,5.252.207.255
5.252.4.0,5.252.7.255
5.252.96.0,5.252.99.255
5.253.140.0,5.253.143.255
5.253.170.0,5.253.170.255
5.253.172.0,5.253.175.255
5.253.220.0,5.253.223.255
5.253.248.0,5.253.251.255
5.42.202.0,5.42.202.255
5.44.144.0,5.44.159.255
5.44.80.0,5.44.95.255
5.46.0.0,5.47.255.255
5.57.215.0,5.57.215.255
57.90.240.0,57.90.255.255
62.106.71.0,62.106.71.255
62.106.84.0,62.106.84.255
62.106.94.0,62.106.94.255
62.108.64.0,62.108.95.255
62.204.47.0,62.204.47.255
62.204.51.0,62.204.51.255
62.204.58.0,62.204.58.255
62.233.59.0,62.233.59.255
62.244.192.0,62.244.255.255
62.248.0.0,62.248.127.255
62.29.0.0,62.29.127.255
62.3.12.0,62.3.12.255
62.3.18.0,62.3.18.255
62.3.35.0,62.3.35.255
62.76.231.0,62.76.231.255
64.113.16.0,64.113.16.255
64.232.37.0,64.232.39.255
64.4.168.0,64.4.171.255
66.178.5.0,66.178.5.255
67.220.132.0,67.220.132.255
72.247.160.0,72.247.163.255
77.111.255.0,77.111.255.255
77.223.128.0,77.223.159.255
77.245.144.0,77.245.159.255
77.37.32.0,77.37.69.255
77.37.71.0,77.37.87.255
77.37.89.0,77.37.95.255
77.47.142.0,77.47.142.255
77.67.128.0,77.67.255.255
77.72.184.0,77.72.191.255
77.73.216.0,77.73.223.255
77.75.216.0,77.75.223.255
77.75.225.0,77.75.225.255
77.75.231.0,77.75.231.255
77.75.32.0,77.75.39.255
77.79.64.0,77.79.127.255
77.81.79.0,77.81.79.255
77.83.116.0,77.83.116.255
77.83.200.0,77.83.203.255
77.87.122.0,77.87.122.255
77.90.131.0,77.90.131.255
77.90.138.0,77.90.138.255
77.90.141.0,77.90.141.255
77.90.164.0,77.90.164.255
77.92.0.0,77.92.31.255
77.92.96.0,77.92.159.255
78.111.106.0,78.111.106.255
78.111.111.0,78.111.111.255
78.111.97.0,78.111.98.255
78.135.64.0,78.135.127.255
78.136.204.0,78.136.207.255
78.142.208.0,78.142.211.255
78.143.224.0,78.143.239.255
78.156.160.0,78.156.191.255
78.160.0.0,78.191.255.255
78.24.203.0,78.24.203.255
78.40.224.0,78.40.231.255
79.110.166.0,79.110.167.255
79.110.233.0,79.110.234.255
79.123.128.0,79.123.255.255
79.134.254.0,79.134.254.255
79.143.51.0,79.143.51.255
79.170.168.0,79.170.175.255
79.171.16.0,79.171.23.255
79.98.128.0,79.98.135.255
79.99.176.0,79.99.183.255
8.18.196.0,8.18.196.255
8.25.249.0,8.25.249.255
8.39.214.0,8.39.214.255
80.208.221.0,80.208.221.255
80.231.203.0,80.231.203.255
80.231.211.0,80.231.211.255
80.231.6.0,80.231.6.255
80.251.32.0,80.251.47.255
80.253.240.0,80.253.247.255
80.253.249.0,80.253.251.255
80.253.254.0,80.253.255.255
80.254.232.0,80.254.233.255
80.254.235.0,80.254.235.255
80.71.239.0,80.71.239.255
80.76.32.0,80.76.32.255
80.91.216.0,80.91.216.255
80.93.208.0,80.93.208.255
80.93.212.0,80.93.213.255
80.93.216.0,80.93.216.255
80.93.220.0,80.93.220.255
81.161.230.0,81.161.230.255
81.161.236.0,81.161.236.255
81.21.160.0,81.21.175.255
81.212.0.0,81.215.255.255
81.22.96.0,81.22.111.255
81.31.232.0,81.31.232.255
81.31.4.0,81.31.4.255
81.6.64.0,81.6.127.255
81.8.0.0,81.8.127.255
81.91.113.0,81.91.116.255
81.91.121.0,81.91.127.255
82.113.41.0,82.113.41.255
82.117.80.0,82.117.95.255
82.118.25.0,82.118.25.255
82.145.224.0,82.145.255.255
82.150.64.0,82.150.95.255
82.151.128.0,82.151.159.255
82.152.176.0,82.152.176.255
82.163.96.0,82.163.111.255
82.222.0.0,82.222.255.255
83.136.144.0,83.136.147.255
83.136.212.0,83.136.212.255
83.147.244.0,83.147.247.255
83.147.5.0,83.147.5.255
83.147.8.0,83.147.11.255
83.150.212.0,83.150.215.255
83.66.0.0,83.66.255.255
84.17.64.0,84.17.95.255
84.247.57.0,84.247.57.255
84.252.80.0,84.252.83.255
84.32.15.0,84.32.15.255
84.32.178.0,84.32.179.255
84.32.212.0,84.32.212.255
84.32.220.0,84.32.222.255
84.32.227.0,84.32.227.255
84.32.231.0,84.32.231.255
84.32.234.0,84.32.234.255
84.32.24.0,84.32.27.255
84.32.255.0,84.32.255.255
84.32.4.0,84.32.4.255
84.32.48.0,84.32.50.255
84.32.56.0,84.32.71.255
84.32.90.0,84.32.90.255
84.44.0.0,84.44.127.255
84.51.0.0,84.51.63.255
84.54.12.0,84.54.14.255
85.112.30.0,85.112.30.255
85.115.32.0,85.115.32.255
85.117.236.0,85.117.239.255
85.119.32.0,85.119.39.255
85.119.64.0,85.119.71.255
85.133.146.0,85.133.146.255
85.153.1.0,85.153.3.255
85.153.10.0,85.153.11.255
85.153.128.0,85.153.255.255
85.153.33.0,85.153.33.255
85.153.43.0,85.153.43.255
85.153.5.0,85.153.5.255
85.153.58.0,85.153.58.255
85.153.64.0,85.153.64.255
85.158.57.0,85.158.57.255
85.158.96.0,85.158.103.255
85.159.64.0,85.159.79.255
85.208.196.0,85.208.199.255
85.208.64.0,85.208.67.255
85.209.164.0,85.209.167.255
85.237.193.0,85.237.193.255
85.237.220.0,85.237.221.255
85.237.223.0,85.237.223.255
85.29.0.0,85.29.63.255
85.31.125.0,85.31.125.255
85.8.152.0,85.8.155.255
85.95.224.0,85.95.228.255
85.95.230.0,85.95.244.255
85.95.248.0,85.95.249.255
85.95.252.0,85.95.252.255
85.96.0.0,85.111.255.255
86.104.14.0,86.104.14.255
86.105.194.0,86.105.194.255
86.105.197.0,86.105.197.255
86.106.122.0,86.106.123.255
86.106.178.0,86.106.178.255
86.106.21.0,86.106.21.255
86.106.82.0,86.106.82.255
86.107.188.0,86.107.188.255
86.108.128.0,86.108.255.255
87.119.2.0,87.119.2.255
87.121.122.0,87.121.123.255
87.236.161.0,87.236.161.255
87.237.167.0,87.237.167.255
87.248.151.0,87.248.151.255
87.248.157.0,87.248.157.255
87.248.221.0,87.248.221.255
87.248.223.0,87.248.223.255
87.249.139.0,87.249.139.255
87.251.6.0,87.251.6.255
87.254.17.0,87.254.17.255
87.254.19.0,87.254.19.255
88.151.11.0,88.151.11.255
88.151.13.0,88.151.13.255
88.209.201.0,88.209.201.255
88.209.226.0,88.209.226.255
88.209.229.0,88.209.229.255
88.209.248.0,88.209.249.255
88.210.180.0,88.210.180.255
88.214.40.0,88.214.43.255
88.216.197.0,88.216.199.255
88.216.2.0,88.216.2.255
88.216.35.0,88.216.35.255
88.216.41.0,88.216.41.255
88.218.128.0,88.218.131.255
88.224.0.0,88.255.255.255
89.106.0.0,89.106.31.255
89.107.224.0,89.107.231.255
89.116.137.0,89.116.137.255
89.117.111.0,89.117.111.255
89.117.167.0,89.117.167.255
89.117.216.0,89.117.216.255
89.117.27.0,89.117.27.255
89.117.35.0,89.117.35.255
89.145.184.0,89.145.191.255
89.19.0.0,89.19.31.255
89.200.216.0,89.200.219.255
89.207.12.0,89.207.15.255
89.22.224.0,89.22.255.255
89.23.90.0,89.23.90.255
89.248.71.0,89.248.71.255
89.252.128.0,89.252.191.255
89.30.61.0,89.30.61.255
89.32.124.0,89.32.124.255
89.32.128.0,89.32.128.255
89.32.201.0,89.32.201.255
89.32.205.0,89.32.205.255
89.34.175.0,89.34.175.255
89.34.218.0,89.34.218.255
89.35.152.0,89.35.152.255
89.35.52.0,89.35.52.255
89.38.56.0,89.38.56.255
89.38.71.0,89.38.71.255
89.39.151.0,89.39.151.255
89.40.131.0,89.40.131.255
89.40.68.0,89.40.68.255
89.41.30.0,89.41.30.255
89.42.34.0,89.42.34.255
89.43.28.0,89.43.31.255
89.43.39.0,89.43.39.255
89.43.64.0,89.43.67.255
89.43.78.0,89.43.78.255
89.44.106.0,89.44.106.255
89.45.9.0,89.45.9.255
89.45.94.0,89.45.94.255
89.47.35.0,89.47.35.255
90.158.0.0,90.159.255.255
91.102.160.0,91.102.167.255
91.106.216.0,91.106.219.255
91.108.36.0,91.108.37.255
91.109.208.0,91.109.212.255
91.142.142.0,91.142.142.255
91.151.80.0,91.151.85.255
91.151.88.0,91.151.95.255
91.186.194.0,91.186.195.255
91.186.202.0,91.186.202.255
91.188.192.0,91.188.195.255
91.188.216.0,91.188.219.255
91.191.160.0,91.191.175.255
91.192.9.0,91.192.9.255
91.194.52.0,91.194.55.255
91.195.138.0,91.195.139.255
91.198.124.0,91.198.124.255
91.198.49.0,91.198.49.255
91.198.61.0,91.198.61.255
91.198.64.0,91.198.64.255
91.198.66.0,91.198.66.255
91.199.111.0,91.199.111.255
91.199.191.0,91.199.191.255
91.199.73.0,91.199.73.255
91.200.220.0,91.200.223.255
91.205.41.0,91.205.41.255
91.207.1.0,91.207.1.255
91.208.199.0,91.208.199.255
91.208.70.0,91.208.70.255
91.209.175.0,91.209.175.255
91.210.121.0,91.210.121.255
91.210.123.0,91.210.123.255
91.212.126.0,91.212.126.255
91.212.178.0,91.212.178.255
91.213.1.0,91.213.1.255
91.213.245.0,91.213.245.255
91.213.253.0,91.213.254.255
91.216.119.0,91.216.119.255
91.216.124.0,91.216.124.255
91.216.148.0,91.216.148.255
91.216.170.0,91.216.170.255
91.216.201.0,91.216.201.255
91.216.223.0,91.216.223.255
91.216.91.0,91.216.91.255
91.217.147.0,91.217.147.255
91.217.193.0,91.217.193.255
91.217.238.0,91.217.238.255
91.218.21.0,91.218.21.255
91.218.59.0,91.218.59.255
91.219.22.0,91.219.22.255
91.220.182.0,91.220.182.255
91.220.242.0,91.220.242.255
91.220.50.0,91.220.50.255
91.220.65.0,91.220.65.255
91.223.0.0,91.223.0.255
91.223.157.0,91.223.157.255
91.223.8.0,91.223.8.255
91.224.170.0,91.224.170.255
91.226.57.0,91.226.57.255
91.226.59.0,91.226.59.255
91.227.4.0,91.227.6.255
91.228.12.0,91.228.13.255
91.228.169.0,91.228.169.255
91.228.255.0,91.228.255.255
91.229.155.0,91.229.155.255
91.229.184.0,91.229.184.255
91.229.34.0,91.229.35.255
91.229.44.0,91.229.45.255
91.230.149.0,91.230.149.255
91.230.81.0,91.230.81.255
91.230.85.0,91.230.85.255
91.232.174.0,91.232.174.255
91.233.80.0,91.233.80.255
91.235.104.0,91.235.105.255
91.235.64.0,91.235.64.255
91.237.216.0,91.237.217.255
91.239.204.0,91.239.204.255
91.239.242.0,91.239.242.255
91.240.108.0,91.240.108.255
91.240.232.0,91.240.232.255
91.240.26.0,91.240.26.255
91.240.37.0,91.240.37.255
91.241.48.0,91.241.52.255
91.243.116.0,91.243.116.255
91.243.176.0,91.243.176.255
91.244.116.0,91.244.116.255
91.244.226.0,91.244.227.255
91.247.164.0,91.247.164.255
91.247.168.0,91.247.168.255
91.247.178.0,91.247.178.255
91.247.188.0,91.247.188.255
91.93.0.0,91.93.255.255
92.114.1.0,92.114.1.255
92.114.34.0,92.114.34.255
92.114.99.0,92.114.99.255
92.119.32.0,92.119.32.255
92.119.59.0,92.119.59.255
92.119.76.0,92.119.79.255
92.242.187.0,92.242.187.255
92.249.25.0,92.249.25.255
92.249.27.0,92.249.27.255
92.38.142.0,92.38.142.255
92.38.180.0,92.38.181.255
92.42.32.0,92.42.39.255
92.44.0.0,92.45.255.255
92.61.0.0,92.61.15.255
92.63.0.0,92.63.15.255
93.113.108.0,93.113.108.255
93.113.60.0,93.113.63.255
93.113.88.0,93.113.88.255
93.113.96.0,93.113.96.255
93.114.141.0,93.114.141.255
93.114.250.0,93.114.250.255
93.114.63.0,93.114.63.255
93.115.10.0,93.115.10.255
93.115.76.0,93.115.79.255
93.117.64.0,93.117.64.255
93.118.44.0,93.118.44.255
93.127.167.0,93.127.167.255
93.127.169.0,93.127.169.255
93.127.171.0,93.127.171.255
93.127.179.0,93.127.179.255
93.127.186.0,93.127.186.255
93.127.188.0,93.127.188.255
93.127.191.0,93.127.199.255
93.127.201.0,93.127.223.255
93.152.224.0,93.152.224.255
93.155.0.0,93.155.127.255
93.157.188.0,93.157.191.255
93.177.100.0,93.177.103.255
93.180.132.0,93.180.135.255
93.182.64.0,93.182.127.255
93.184.144.0,93.184.159.255
93.186.112.0,93.186.127.255
93.186.132.0,93.186.132.255
93.187.200.0,93.187.207.255
93.187.64.0,93.187.71.255
93.190.216.0,93.190.223.255
93.190.8.0,93.190.15.255
93.89.16.0,93.89.31.255
93.89.224.0,93.89.239.255
93.89.64.0,93.89.79.255
93.91.64.0,93.91.79.255
93.93.24.0,93.93.31.255
93.94.192.0,93.94.199.255
93.94.248.0,93.94.255.255
93.94.42.0,93.94.42.255
93.95.176.0,93.95.183.255
94.101.80.0,94.101.95.255
94.102.0.0,94.102.15.255
94.102.64.0,94.102.79.255
94.102.90.0,94.102.91.255
94.103.186.0,94.103.186.255
94.103.32.0,94.103.47.255
94.120.0.0,94.123.255.255
94.124.73.0,94.124.73.255
94.131.108.0,94.131.108.255
94.138.192.0,94.138.223.255
94.142.131.0,94.142.131.255
94.142.254.0,94.142.254.255
94.154.120.0,94.154.120.255
94.154.162.0,94.154.162.255
94.154.172.0,94.154.172.255
94.154.46.0,94.154.46.255
94.156.160.0,94.156.160.255
94.156.234.0,94.156.234.255
94.177.119.0,94.177.119.255
94.177.64.0,94.177.64.255
94.199.103.0,94.199.103.255
94.199.200.0,94.199.207.255
94.199.32.0,94.199.39.255
94.231.192.0,94.231.192.255
94.235.0.0,94.235.255.255
94.46.0.0,94.46.7.255
94.46.32.0,94.46.39.255
94.54.0.0,94.55.255.255
94.73.128.0,94.73.191.255
94.78.64.0,94.78.127.255
94.79.64.0,94.79.127.255
95.0.0.0,95.15.255.255
95.101.14.0,95.101.15.255
95.128.56.0,95.128.63.255
95.130.168.0,95.130.175.255
95.142.128.0,95.142.143.255
95.173.0.0,95.173.31.255
95.173.160.0,95.173.191.255
95.173.224.0,95.173.255.255
95.183.128.0,95.183.255.255
95.214.181.0,95.214.181.255
95.214.73.0,95.214.75.255
95.214.96.0,95.214.99.255
95.65.128.0,95.65.255.255
95.70.128.0,95.70.255.255
95.85.76.0,95.85.76.255
98.98.130.0,98.98.131.255
98.98.150.0,98.98.151.255
98.98.154.0,98.98.155.255
98.98.192.0,98.98.193.255
